Workbook

Sheet Caracteristiques
A1: TradeDate | B1: =TODAY() -> 46093
A2: Maturity(years) | B2: 1Y | C2: 46091
A3: Trade National | B3: 1000000
A5: Mtm | B5: YES
A6: Notional Exchanges | B6: YES
A7: Reset Currency | B7: USD
A8: Valuation Currency | B8: USD
A10: SpotFX | B10: 1.1403 | C10: EUR/USD
A11: Leg Currency | B11: USD | C11: EUR
A12: Leg Notional | B12: =B3 -> 1000000 | C12: =B3/B10 -> 876962.2
A14: Leg Type | B14: float | C14: float
A15: Pay or Receive | B15: PAY
A16: FloatIndex | B16: EURIBOR EUR | C16: LIBOR USD
A17: Frequency | B17: QUARTERLY | C17: QUARTERLY
A18: Leg Reset Required | B18: YES | C18: NO
A21: DayCountBasis | B21: ACT/360 | C21: ACT/360

Sheet  Domestic Leg
C3: Leg2-Foreign Coupons | E3: les coupons paye par la jambe domestic a la jambe variable
C4: Date | D4: Notional | E4: SpotFX FOR/DOM | F4: ForwardFX FOR/DOM | G4: Valuation Adj | H4: Reset Adj | I4: Notional Adj | J4: Year Fraction | K4: Float Rate l | L4: Coupon | M4: DiscFctor FOR | N4: Coupon PV | P4: Annuity i
C5: =TODAY() -> 46093 | D5: =Caracteristiques!$C$12 -> 876962.2 | E5: =Caracteristiques!$B$10 -> 1.1403 | F5: ='FX FORWARD'!I5 -> 1.1403 | G5: =E5 -> 1.1403 | H5: =IF(Caracteristiques!C18="N0",1, E5/F5) -> 1 | I5: =G5*H5 -> 1.1403 | J5: 0.2528 | K5: 0 | L5: =D5*I5*J5*K5 -> 0 | M5: ='FX FORWARD'!G5 -> 1 | N5: =L5*M5 -> 0 | P5: 0
C6: =C5+90 -> 46183 | D6: =Caracteristiques!$C$12 -> 876962.2 | E6: =Caracteristiques!$B$10 -> 1.1403 | F6: ='FX FORWARD'!I6 -> 1.149688 | G6: =E6 -> 1.1403 | H6: =IF(Caracteristiques!$C$18="NO",1, ' Domestic Leg'!F6/' Domestic Leg'!E6) -> 1 | I6: =G6*H6 -> 1.1403 | J6: 0.2528 | K6: =(1/J6)*(M5/M6-1) -> -0.0093331486 | L6: =D6*I6*J6*K6 -> -2359.42 | M6: ='FX FORWARD'!G6 -> 1.002365 | N6: =L6*M6 -> -2365 | P6: =$D$5*I6*M6*J6 -> 253397.87
C7: =C6+90 -> 46273 | D7: =Caracteristiques!$C$12 -> 876962.2 | E7: =Caracteristiques!$B$10 -> 1.1403 | F7: ='FX FORWARD'!I7 -> 1.1589284 | G7: =E7 -> 1.1403 | H7: =IF(Caracteristiques!$C$18="NO",1, ' Domestic Leg'!F7/' Domestic Leg'!E7) -> 1 | I7: =G7*H7 -> 1.1403 | J7: 0.2528 | K7: =(1/J7)*(M6/M7-1) -> -0.0071575671 | L7: =D7*I7*J7*K7 -> -1809.433 | M7: ='FX FORWARD'!G7 -> 1.004182 | N7: =L7*M7 -> -1817 | P7: =$D$5*I7*M7*J7 -> 253857.21
C8: =C7+90 -> 46363 | D8: =Caracteristiques!$C$12 -> 876962.2 | E8: =Caracteristiques!$B$10 -> 1.1403 | F8: ='FX FORWARD'!I8 -> 1.1687744 | G8: =E8 -> 1.1403 | H8: =IF(Caracteristiques!$C$18="NO",1, ' Domestic Leg'!F8/' Domestic Leg'!E8) -> 1 | I8: =G8*H8 -> 1.1403 | J8: 0.2528 | K8: =(1/J8)*(M7/M8-1) -> -0.0068580931 | L8: =D8*I8*J8*K8 -> -1733.7259 | M8: ='FX FORWARD'!G8 -> 1.005926 | N8: =L8*M8 -> -1744 | P8: =$D$5*I8*M8*J8 -> 254298.09
C9: =C8+90 -> 46453 | D9: =Caracteristiques!$C$12 -> 876962.2 | E9: =Caracteristiques!$B$10 -> 1.1403 | F9: ='FX FORWARD'!I9 -> 1.1789072 | G9: =E9 -> 1.1403 | H9: =IF(Caracteristiques!$C$18="NO",1, ' Domestic Leg'!F9/' Domestic Leg'!E9) -> 1 | I9: =G9*H9 -> 1.1403 | J9: 0.2528 | K9: =(1/J9)*(M8/M9-1) -> -0.0073830253 | L9: =D9*I9*J9*K9 -> -1866.4288 | M9: ='FX FORWARD'!G9 -> 1.007807 | N9: =L9*M9 -> -1881 | P9: =$D$5*I9*M9*J9 -> 254773.61
M10: Total | N10: =SUM(N5:N9) -> -7807 | P10: =SUM(P6:P9) -> 1016326.8
C12: Leg2-Foreing notional exchange
D13: Notional | E13: SpotFX USD/EUR | F13: Forward USD/EUR | G13: Valuation Adj | H13: Reset Adj | I13: Notional Adj | J13: Notional Exchange | K13: DiscountFact | L13: PV
C14: =TODAY() -> 46093 | D14: =Caracteristiques!C12 -> 876962.2 | E14: 1.1403 | F14: 1.1403 | G14: =G5 -> 1.1403 | H14: 1 | I14: =G14*H14 -> 1.1403 | J14: =D14 -> 876962.2 | K14: 1 | L14: =J14*K14 -> 876962.2
C15: =C14+90 -> 46183 | D15: =Caracteristiques!C12 -> 876962.2 | E15: 1.1403 | F15: ='FX FORWARD'!I9 -> 1.1789072 | G15: =G9 -> 1.1403 | H15: =H9 -> 1 | I15: =G15*H15 -> 1.1403 | J15: =-D15 -> -876962.2 | K15: ='FX FORWARD'!G9 -> 1.007807 | L15: =J15*K15 -> -883808.65
K16: Total | L16: =-L15-L14 -> 6846.4439
C19: Leg1-FOREIGN Notional Resets
D20: Notional | E20: SpotFX Eur/USD | F20: ForwardFX FOR/DOM | G20: Valuation Adj | H20: Reset Adj | I20: Notional Adj | J20: Indicator MTM | K20: Indicator Reset | L20: Reset Amount | M20: Discount Factor | N20: PV
C21: =TODAY() -> 46093 | D21: =Caracteristiques!$C$12 -> 876962.2 | E21: =E5 -> 1.1403 | F21: =F5 -> 1.1403 | G21: =G5 -> 1.1403 | H21: =H5 -> 1 | I21: =G21*H21 -> 1.1403 | J21: =IF(Caracteristiques!$B$5="YES",1,0) -> 1 | K21: =IF(Caracteristiques!$C$18="NO",0,1) -> 0 | L21: =0 -> 0 | M21: ='FX FORWARD'!G5 -> 1 | N21: =L21*M21 -> 0
C22: =C21+90 -> 46183 | D22: =Caracteristiques!$C$12 -> 876962.2 | E22: =E6 -> 1.1403 | F22: =F6 -> 1.149688 | G22: =G6 -> 1.1403 | H22: =H6 -> 1 | I22: =G22*H22 -> 1.1403 | J22: =IF(Caracteristiques!$B$5="YES",1,0) -> 1 | K22: =IF(Caracteristiques!$C$18="NO",0,1) -> 0 | L22: =D22*(I22-I23) -> 0 | M22: ='FX FORWARD'!G6 -> 1.002365 | N22: =L22*M22 -> 0
C23: =C22+90 -> 46273 | D23: =Caracteristiques!$C$12 -> 876962.2 | E23: =E7 -> 1.1403 | F23: =F7 -> 1.1589284 | G23: =G7 -> 1.1403 | H23: =H7 -> 1 | I23: =G23*H23 -> 1.1403 | J23: =IF(Caracteristiques!$B$5="YES",1,0) -> 1 | K23: =IF(Caracteristiques!$C$18="NO",0,1) -> 0 | L23: =D23*(I23-I24) -> 0 | M23: ='FX FORWARD'!G7 -> 1.004182 | N23: =L23*M23 -> 0
C24: =C23+90 -> 46363 | D24: =Caracteristiques!$C$12 -> 876962.2 | E24: =E8 -> 1.1403 | F24: =F8 -> 1.1687744 | G24: =G8 -> 1.1403 | H24: =H8 -> 1 | I24: =G24*H24 -> 1.1403 | J24: =IF(Caracteristiques!$B$5="YES",1,0) -> 1 | K24: =IF(Caracteristiques!$C$18="NO",0,1) -> 0 | L24: =D24*(I24-I25) -> 0 | M24: ='FX FORWARD'!G8 -> 1.005926 | N24: =L24*M24 -> 0
C25: =C24+90 -> 46453 | D25: =Caracteristiques!$C$12 -> 876962.2 | E25: =E9 -> 1.1403 | F25: =F9 -> 1.1789072 | G25: =G9 -> 1.1403 | H25: =H9 -> 1 | I25: =G25*H25 -> 1.1403 | J25: =IF(Caracteristiques!$B$5="YES",1,0) -> 1 | K25: =IF(Caracteristiques!$C$18="NO",0,1) -> 0 | L25: =D26*I25-D26*I26 -> 0 | M25: ='FX FORWARD'!G9 -> 1.007807 | N25: =L25*M25 -> 0
M26: Total | N26: =SUM(N21:N25) -> 0
H28: PV Foreign Leg | I28: =N10+L16+N26 -> -960.55608
H30: Annuity of foreign | I30: =P10 -> 1016326.8

Sheet ForeignLeg
C2: Leg2-Domestic Coupons
C3: Date | D3: Notional | E3: SpotFX Dom/For | F3: ForwardFX DOM/FOR | G3: Valuation Adj | H3: Reset Adj | I3: Notional Adj | J3: Year Fraction | K3: Float Rate l | L3: Coupon | M3: DiscFctor DOM | N3: Coupon PV | P3: Annuity
C4: =TODAY() -> 46093 | D4: =Caracteristiques!$B$12 -> 1000000 | E4: =1/Caracteristiques!$B$10 -> 0.8769622 | F4: =1/'FX FORWARD'!I5 -> 0.8769622 | G4: =1 -> 1 | H4: =IF(Caracteristiques!$B$18="NO",1,ForeignLeg!F4/ForeignLeg!E4) -> 1 | I4: =G4*H4 -> 1 | J4: 0.2528 | K4: 0 | L4: =D4*I4*J4*K4 -> 0 | M4: ='FX FORWARD'!H5 -> 1 | N4: =L4*M4 -> 0 | P4: =0 -> 0
C5: =C4+90 -> 46183 | D5: =Caracteristiques!$B$12 -> 1000000 | E5: =1/Caracteristiques!$B$10 -> 0.8769622 | F5: =1/'FX FORWARD'!I6 -> 0.8698012 | G5: =1 -> 1 | H5: =IF(Caracteristiques!$B$18="NO",1,ForeignLeg!F5/ForeignLeg!E5) -> 0.99183431 | I5: =G5*H5 -> 0.99183431 | J5: 0.2528 | K5: =(1/J5)*(M4/M5-1) -> 0.023156925 | L5: =D5*I5*J5*K5 -> 5806.2682 | M5: ='FX FORWARD'!H6 -> 0.99418 | N5: =L5*M5 -> 5772.4757 | P5: =$D$5*I5*J5*M5 -> 249276.43
C6: =C5+90 -> 46273 | D6: =Caracteristiques!$B$12 -> 1000000 | E6: =1/Caracteristiques!$B$10 -> 0.8769622 | F6: =1/'FX FORWARD'!I7 -> 0.86286611 | G6: =1 -> 1 | H6: =IF(Caracteristiques!$B$18="NO",1,ForeignLeg!F6/ForeignLeg!E6) -> 0.98392622 | I6: =G6*H6 -> 0.98392622 | J6: 0.2528 | K6: =(1/J6)*(M5/M6-1) -> 0.024577947 | L6: =D6*I6*J6*K6 -> 6113.4336 | M6: ='FX FORWARD'!H7 -> 0.988041 | N6: =L6*M6 -> 6040.3231 | P6: =$D$5*I6*J6*M6 -> 245761.91
C7: =C6+90 -> 46363 | D7: =Caracteristiques!$B$12 -> 1000000 | E7: =1/Caracteristiques!$B$10 -> 0.8769622 | F7: =1/'FX FORWARD'!I8 -> 0.8555971 | G7: =1 -> 1 | H7: =IF(Caracteristiques!$B$18="NO",1,ForeignLeg!F7/ForeignLeg!E7) -> 0.97563737 | I7: =G7*H7 -> 0.97563737 | J7: 0.2528 | K7: =(1/J7)*(M6/M7-1) -> 0.026690558 | L7: =D7*I7*J7*K7 -> 6582.9892 | M7: ='FX FORWARD'!H8 -> 0.981419 | N7: =L7*M7 -> 6460.6707 | P7: =$D$5*I7*J7*M7 -> 242058.29
C8: =C7+90 -> 46453 | D8: =Caracteristiques!$B$12 -> 1000000 | E8: =1/Caracteristiques!$B$10 -> 0.8769622 | F8: =1/'FX FORWARD'!I9 -> 0.84824315 | G8: =1 -> 1 | H8: =IF(Caracteristiques!$B$18="NO",1,ForeignLeg!F8/ForeignLeg!E8) -> 0.96725167 | I8: =G8*H8 -> 0.96725167 | J8: 0.2528 | K8: =(1/J8)*(M7/M8-1) -> 0.026847359 | L8: =D8*I8*J8*K8 -> 6564.749 | M8: ='FX FORWARD'!H9 -> 0.974803 | N8: =L8*M8 -> 6399.337 | P8: =$D$5*I8*J8*M8 -> 238360.02
M9: Total | N9: =SUM(N4:N8) -> 24672.806 | P9: =SUM(P5:P8) -> 975456.65
C11: Leg2-Domestic notional exchange
D12: Notional | E12: SpotFX DOM/FOR | F12: Forward DOM/FOR | G12: Valuation Adj | H12: Reset Adj | I12: Notional Adj | J12: Notional Exchange | K12: DiscountFact | L12: PV
C13: =TODAY() -> 46093 | D13: =Caracteristiques!B3 -> 1000000 | E13: =E4 -> 0.8769622 | F13: =F4 -> 0.8769622 | G13: =G4 -> 1 | H13: 1 | I13: =G13*H13 -> 1 | J13: =D13 -> 1000000 | K13: 1 | L13: =J13*K13 -> 1000000
C14: =C8 -> 46453 | D14: =D13 -> 1000000 | E14: =E8 -> 0.8769622 | F14: =F8 -> 0.84824315 | G14: =G8 -> 1 | H14: =H8 -> 0.96725167 | I14: =G14*H14 -> 0.96725167 | J14: =-D14 -> -1000000 | K14: ='FX FORWARD'!G8 -> 1.005926 | L14: =J14*K14 -> -1005926
K15: Total | L15: =-L13-L14 -> 5926
C18: Leg1-Domestic Notional Resets
D19: Notional | E19: SpotFX DOM/FOR | F19: ForwardFX DOM/FOR | G19: Valuation Adj | H19: Reset Adj | I19: Notional Adj | J19: Indicator MTM | K19: Indicator Reset | L19: Reset Amount | M19: Discount Factor | N19: PV
C20: =TODAY() -> 46093 | D20: =$D$13 -> 1000000 | E20: =E4 -> 0.8769622 | F20: =F4 -> 0.8769622 | G20: =G4 -> 1 | H20: =H4 -> 1 | I20: =G20*H20 -> 1 | J20: =IF(Caracteristiques!$B$5="YES",1,0) -> 1 | K20: =IF(Caracteristiques!B18="NO",0,1) -> 1 | L20: =0 -> 0 | M20: ='FX FORWARD'!H5 -> 1 | N20: =L20*M20 -> 0
C21: =C20+90 -> 46183 | D21: =$D$13 -> 1000000 | E21: =E5 -> 0.8769622 | F21: =F5 -> 0.8698012 | G21: =G5 -> 1 | H21: =H5 -> 0.99183431 | I21: =G21*H21 -> 0.99183431 | J21: =IF(Caracteristiques!$B$5="YES",1,0) -> 1 | K21: =IF(Caracteristiques!B19="NO",0,1) -> 1 | L21: =$D$21*(I21-I22) -> 7908.0913 | M21: ='FX FORWARD'!H6 -> 0.99418 | N21: =L21*M21 -> 7862.0662
C22: =C21+90 -> 46273 | D22: =$D$13 -> 1000000 | E22: =E6 -> 0.8769622 | F22: =F6 -> 0.86286611 | G22: =G6 -> 1 | H22: =H6 -> 0.98392622 | I22: =G22*H22 -> 0.98392622 | J22: =IF(Caracteristiques!$B$5="YES",1,0) -> 1 | K22: =IF(Caracteristiques!B20="NO",0,1) -> 1 | L22: =$D$21*(I22-I23) -> 8288.8476 | M22: ='FX FORWARD'!H7 -> 0.988041 | N22: =L22*M22 -> 8189.7213
C23: =C22+90 -> 46363 | D23: =$D$13 -> 1000000 | E23: =E7 -> 0.8769622 | F23: =F7 -> 0.8555971 | G23: =G7 -> 1 | H23: =H7 -> 0.97563737 | I23: =G23*H23 -> 0.97563737 | J23: =IF(Caracteristiques!$B$5="YES",1,0) -> 1 | K23: =IF(Caracteristiques!B21="NO",0,1) -> 1 | L23: =$D$21*(I23-I24) -> 8385.7067 | M23: ='FX FORWARD'!H8 -> 0.981419 | N23: =L23*M23 -> 8229.8919
C24: =C23+90 -> 46453 | D24: =$D$13 -> 1000000 | E24: =E8 -> 0.8769622 | F24: =F8 -> 0.84824315 | G24: =G8 -> 1 | H24: =H8 -> 0.96725167 | I24: =G24*H24 -> 0.96725167 | J24: =IF(Caracteristiques!$B$5="YES",1,0) -> 1 | K24: =IF(Caracteristiques!B22="NO",0,1) -> 1 | M24: ='FX FORWARD'!H9 -> 0.974803 | N24: =L24*M24 -> 0
M25: Total | N25: =SUM(N20:N24) -> 24281.679
I29: PV domestic leg | J29: =N9+L15+N25 -> 54880.486
I31: Annuity for the domestic leg | J31: =P9 -> 975456.65

Sheet FX FORWARD
D3: ForwardFX USD/EUR
E4: Date | F4: SpotFX FOR/DOM | G4: P(t0,ti) FOR | H4: P(t0,ti) DOM | I4: f(ti) FOR/DOM
E5: =TODAY() -> 46093 | F5: =Caracteristiques!$B$10 -> 1.1403 | G5: 1 | H5: 1 | I5: =F5*G5/H5 -> 1.1403
E6: =TODAY()+90 -> 46183 | F6: =Caracteristiques!$B$10 -> 1.1403 | G6: 1.002365 | H6: 0.99418 | I6: =F6*G6/H6 -> 1.149688
E7: =TODAY()+90 -> 46183 | F7: =Caracteristiques!$B$10 -> 1.1403 | G7: 1.004182 | H7: 0.988041 | I7: =F7*G7/H7 -> 1.1589284
E8: =TODAY()+90 -> 46183 | F8: =Caracteristiques!$B$10 -> 1.1403 | G8: 1.005926 | H8: 0.981419 | I8: =F8*G8/H8 -> 1.1687744
E9: =TODAY()+90 -> 46183 | F9: =Caracteristiques!$B$10 -> 1.1403 | G9: 1.007807 | H9: 0.974803 | I9: =F9*G9/H9 -> 1.1789072

Sheet result 
A3: PV of the domestic leg | E3: PV of the swap for the foreign leg
A4: =ForeignLeg!J29-' Domestic Leg'!I28 -> 55841.042 | E4: =' Domestic Leg'!I28 -> -960.55608
A6: domestic spread
I28: {=' Domestic Leg'!q} -> #NAME?
